DEBUG,RX1,PA8
DEBUG,TX1,PA9
DEBUG,SWCLK,PB15
DEBUG,SWDIO,PB14
LEFT,PR_SW1,PB7
RIGHT,PR_SW2,PB1
MID,PR_SW3,PB9
SIDE,PR_SW4,PB11
SIDE,PR_SW5,PB4
SCROLL,ENC_A,PB8
SCROLL,ENC_B,PB19
PAW3395,MS_MOTION,PB17
PAW3395,MS_MOTION_ALT,PA7
PAW3395,MS_CS,PA12
PAW3395,MS_SCLK,PA13
PAW3395,MS_MOSI,PA14
PAW3395,MS_MISO,PA15
PAW3395,MS_RST,PB18
BAT,BT_PGOOD,PB6
BAT,BT_CHG,PB5
BAT,BT_VOL,PA3
MOTOR,MOTOR,PB0
OLED,OLED_RST,PB16
OLED,OLED_EN,PB3
OLED,OLED_SDA,PB20
OLED,OLED_SCL,PB21
BMI270,IMU_CS,PA10
BMI270,IMU_MISO,PA2
BMI270,IMU_MOSI,PA1
BMI270,IMU_SCLK,PA0
BMI270,IMU_INT1,PA6
RGB,RGB_DIN,PB10
RGB,RGB_EN,PB2
BIO,BIO_RST,PA11
BIO,BIO_TX,PA5
BIO,BIO_RX,PA4
